               epoch,      train/box_loss,      train/obj_loss,      train/cls_loss,   metrics/precision,      metrics/recall,     metrics/mAP_0.5,metrics/mAP_0.5:0.95,        val/box_loss,        val/obj_loss,        val/cls_loss,               x/lr0,               x/lr1,               x/lr2
                   0,             0.11648,             0.02131,            0.028531,           0.0018542,              0.4075,            0.002198,          0.00046795,            0.097448,            0.014733,            0.028011,              0.0946,              0.0006,              0.0006
                   1,             0.10512,            0.024272,            0.027223,           0.0023892,              0.5375,           0.0053823,           0.0011638,            0.083675,            0.015221,            0.025533,            0.088296,           0.0012957,           0.0012957
                   2,            0.089691,            0.025773,            0.024293,            0.065766,             0.21724,            0.072719,            0.016694,            0.070159,            0.015874,            0.022482,            0.081987,           0.0019868,           0.0019868
                   3,            0.080527,            0.027402,            0.022944,             0.11171,              0.2375,             0.10658,            0.025436,            0.064124,            0.015234,            0.019372,            0.075673,           0.0026733,           0.0026733
                   4,            0.075227,            0.027345,            0.019108,             0.16981,               0.215,             0.08427,            0.020248,            0.060686,            0.014632,            0.016183,            0.069355,           0.0033551,           0.0033551
                   5,            0.069811,            0.026534,            0.018312,             0.69051,             0.19237,              0.2434,            0.066043,            0.056568,            0.014986,            0.013843,            0.063032,           0.0040324,           0.0040324
                   6,            0.065315,            0.022799,            0.015016,             0.48277,             0.53125,             0.48602,             0.14559,            0.056614,            0.012964,            0.011061,            0.056705,            0.004705,            0.004705
                   7,            0.065399,             0.01953,            0.016334,             0.38561,             0.60813,             0.40379,             0.12446,            0.061894,            0.010816,           0.0097978,            0.050373,           0.0053729,           0.0053729
                   8,            0.064324,            0.020305,            0.013068,             0.41957,             0.56843,             0.47343,              0.1754,            0.049913,            0.010849,           0.0080923,            0.044036,           0.0060363,           0.0060363
                   9,            0.062841,            0.021405,            0.011963,              0.4553,             0.47437,             0.45155,             0.14967,            0.059253,           0.0097468,           0.0056914,            0.037695,           0.0066951,           0.0066951
                  10,            0.064732,            0.019028,           0.0086091,             0.27348,             0.62375,             0.31171,             0.11386,            0.059877,           0.0098574,           0.0042482,            0.031349,           0.0073492,           0.0073492
                  11,            0.067634,            0.016774,           0.0094195,              0.4352,             0.52375,             0.45542,             0.12864,            0.062882,            0.008807,           0.0038542,            0.024999,           0.0079987,           0.0079987
                  12,            0.066265,            0.017326,           0.0079082,             0.45074,                0.59,             0.56449,              0.2042,            0.061547,           0.0091207,            0.005172,            0.018644,           0.0086436,           0.0086436
                  13,            0.059892,            0.016818,           0.0071588,             0.53544,             0.58042,             0.57524,             0.19839,            0.059265,           0.0099273,           0.0057089,            0.012284,           0.0092839,           0.0092839
                  14,            0.063151,            0.016854,           0.0076751,             0.46538,             0.56681,             0.53299,              0.1796,            0.052072,           0.0099986,           0.0074574,            0.009538,            0.009538,            0.009538
                  15,            0.060452,            0.015186,           0.0070382,             0.63709,             0.68193,             0.70442,             0.26273,            0.051668,           0.0098679,           0.0020798,            0.009538,            0.009538,            0.009538
                  16,            0.055549,            0.015517,           0.0078316,             0.46718,             0.66687,              0.5562,             0.19531,            0.052758,            0.010283,           0.0027573,            0.009505,            0.009505,            0.009505
                  17,            0.053105,            0.014728,           0.0065867,             0.58544,             0.72625,             0.65149,             0.24927,            0.051203,            0.010327,           0.0025955,            0.009472,            0.009472,            0.009472
                  18,            0.053741,            0.015015,           0.0043994,              0.5801,             0.83313,             0.72443,             0.25757,            0.046337,             0.01066,           0.0026097,            0.009439,            0.009439,            0.009439
                  19,            0.051021,            0.014592,            0.004132,             0.61498,                 0.8,             0.73619,              0.2852,            0.044158,           0.0091672,           0.0018022,            0.009406,            0.009406,            0.009406
                  20,            0.051718,            0.014415,            0.003754,             0.66661,             0.77629,             0.77947,             0.29815,            0.043129,           0.0093314,           0.0044272,            0.009373,            0.009373,            0.009373
                  21,            0.050219,            0.016021,           0.0039257,             0.55611,             0.76438,             0.67738,             0.26803,            0.043274,             0.01114,            0.009098,             0.00934,             0.00934,             0.00934
                  22,            0.050162,            0.013437,           0.0040473,             0.52151,             0.73762,             0.56319,             0.20243,            0.045501,           0.0087079,           0.0064087,            0.009307,            0.009307,            0.009307
                  23,            0.048578,             0.01315,           0.0033786,             0.79296,             0.92051,             0.88512,             0.38689,            0.041632,           0.0080881,           0.0013294,            0.009274,            0.009274,            0.009274
                  24,            0.047787,            0.014526,           0.0039609,             0.87857,               0.885,             0.89579,             0.37307,            0.038248,           0.0081203,           0.0017537,            0.009241,            0.009241,            0.009241
                  25,            0.044901,            0.012964,           0.0044986,             0.76073,             0.87552,             0.87293,             0.37258,            0.038525,            0.008392,           0.0016695,            0.009208,            0.009208,            0.009208
                  26,            0.044696,            0.013233,           0.0038535,             0.72227,              0.8575,             0.78494,             0.30659,            0.039052,           0.0072566,             0.00192,            0.009175,            0.009175,            0.009175
                  27,            0.044996,            0.013286,           0.0061168,             0.87796,             0.84506,             0.91807,             0.41709,            0.035648,           0.0069379,           0.0032639,            0.009142,            0.009142,            0.009142
                  28,             0.04348,             0.01464,           0.0063393,             0.78637,               0.895,             0.84654,             0.36812,            0.037013,           0.0068448,           0.0024359,            0.009109,            0.009109,            0.009109
                  29,            0.042863,            0.012463,           0.0043426,              0.8578,             0.86864,             0.90895,             0.37886,            0.037018,           0.0065734,           0.0035995,            0.009076,            0.009076,            0.009076
                  30,            0.042957,            0.013045,           0.0048796,             0.84526,             0.92376,             0.89872,             0.37337,             0.03718,           0.0065579,           0.0018209,            0.009043,            0.009043,            0.009043
                  31,             0.04238,            0.013198,           0.0030333,             0.86515,             0.88766,             0.91141,             0.38639,            0.036011,           0.0073295,           0.0034122,             0.00901,             0.00901,             0.00901
                  32,            0.044226,            0.013699,           0.0029475,             0.71948,             0.78438,             0.77474,             0.31601,            0.039726,           0.0075533,           0.0037597,            0.008977,            0.008977,            0.008977
                  33,            0.039751,            0.012728,            0.004358,             0.78183,             0.74562,             0.77269,             0.25151,            0.048671,           0.0072766,           0.0047199,            0.008944,            0.008944,            0.008944
                  34,            0.041412,            0.011612,           0.0023171,             0.94331,             0.94236,             0.97474,             0.48059,            0.032147,            0.006656,           0.0010356,            0.008911,            0.008911,            0.008911
                  35,            0.039058,            0.013344,            0.004907,             0.93369,             0.96188,             0.97239,             0.49246,            0.031019,           0.0067854,           0.0024313,            0.008878,            0.008878,            0.008878
                  36,            0.040071,            0.012002,           0.0030978,             0.93222,             0.94828,             0.96156,             0.49714,            0.029807,           0.0071041,            0.003453,            0.008845,            0.008845,            0.008845
                  37,            0.039622,            0.011091,           0.0034379,             0.79514,             0.83592,             0.87287,             0.42784,            0.032721,           0.0088225,            0.003124,            0.008812,            0.008812,            0.008812
                  38,            0.042416,            0.012124,           0.0029711,             0.83304,             0.81972,              0.8507,             0.38491,            0.035948,           0.0085453,           0.0042271,            0.008779,            0.008779,            0.008779
                  39,            0.038504,            0.011557,           0.0034645,             0.92287,             0.86826,             0.93079,             0.46873,             0.03362,           0.0069507,           0.0024547,            0.008746,            0.008746,            0.008746
                  40,            0.040443,            0.013008,            0.002615,             0.88274,             0.95875,             0.95628,              0.4975,            0.032279,           0.0061151,           0.0012876,            0.008713,            0.008713,            0.008713
                  41,            0.039359,            0.012401,           0.0045349,             0.92935,             0.89501,             0.95801,             0.46604,            0.032834,           0.0062402,           0.0015574,             0.00868,             0.00868,             0.00868
                  42,            0.036971,            0.011876,           0.0026711,             0.82045,             0.91104,             0.87755,             0.44159,            0.031687,           0.0061205,           0.0027823,            0.008647,            0.008647,            0.008647
                  43,            0.038779,            0.012597,           0.0023319,             0.98234,             0.97666,             0.98787,             0.52977,            0.028576,           0.0058263,           0.0012527,            0.008614,            0.008614,            0.008614
                  44,            0.039439,            0.013055,           0.0024704,              0.9548,             0.94915,             0.97507,             0.50519,            0.029921,           0.0059778,           0.0013252,            0.008581,            0.008581,            0.008581
                  45,            0.037993,            0.012215,            0.002049,              0.9522,             0.94933,             0.97321,             0.53507,            0.029316,           0.0061057,           0.0012888,            0.008548,            0.008548,            0.008548
                  46,             0.03704,            0.011457,           0.0024147,             0.92915,             0.95625,              0.9685,             0.47619,            0.030245,           0.0060471,           0.0010979,            0.008515,            0.008515,            0.008515
                  47,            0.037742,            0.011903,           0.0021907,             0.98608,             0.97562,             0.98964,             0.55718,            0.028726,           0.0057723,          0.00098162,            0.008482,            0.008482,            0.008482
                  48,             0.03649,            0.011805,            0.002433,             0.88699,             0.95981,             0.95678,             0.53996,            0.029529,           0.0054943,          0.00077837,            0.008449,            0.008449,            0.008449
                  49,            0.036356,             0.01081,           0.0017896,             0.99363,             0.99352,               0.995,             0.55551,            0.030104,            0.005491,          0.00066206,            0.008416,            0.008416,            0.008416
                  50,            0.035388,            0.011345,           0.0023264,             0.96059,             0.95637,             0.97601,             0.51517,            0.029418,           0.0059128,          0.00095004,            0.008383,            0.008383,            0.008383
                  51,            0.037207,            0.012846,            0.002104,             0.98259,             0.97136,             0.97963,             0.49725,            0.031012,           0.0056232,            0.001093,             0.00835,             0.00835,             0.00835
                  52,            0.036937,             0.01134,           0.0026279,               0.979,              0.9875,             0.99378,             0.55366,            0.028143,           0.0055762,          0.00072874,            0.008317,            0.008317,            0.008317
                  53,            0.035561,            0.011486,           0.0020327,             0.97362,             0.99375,             0.99233,             0.55207,            0.027339,            0.005542,          0.00069214,            0.008284,            0.008284,            0.008284
                  54,            0.033102,            0.010424,           0.0020284,              0.9716,             0.97875,             0.98132,             0.49512,            0.029287,           0.0056136,           0.0011631,            0.008251,            0.008251,            0.008251
                  55,            0.033317,            0.010788,            0.001964,             0.98567,             0.97937,             0.99075,             0.56874,            0.026615,           0.0055327,           0.0011955,            0.008218,            0.008218,            0.008218
                  56,            0.036789,            0.010619,           0.0016246,             0.95217,             0.96063,             0.97084,             0.46991,            0.032483,           0.0057488,          0.00092672,            0.008185,            0.008185,            0.008185
                  57,            0.034121,            0.011355,           0.0016118,             0.97411,             0.97549,             0.98825,             0.57922,            0.026493,            0.005431,            0.001081,            0.008152,            0.008152,            0.008152
                  58,            0.033696,           0.0096342,            0.001848,             0.98344,             0.99687,             0.99359,             0.58399,            0.026631,           0.0052035,          0.00076003,            0.008119,            0.008119,            0.008119
                  59,            0.035037,            0.010496,           0.0016157,             0.98022,               0.995,               0.992,               0.589,             0.02642,           0.0051992,          0.00073116,            0.008086,            0.008086,            0.008086
                  60,            0.034799,             0.01185,           0.0019358,             0.97031,             0.98521,             0.98482,             0.50001,            0.028866,           0.0054321,          0.00072396,            0.008053,            0.008053,            0.008053
                  61,            0.034954,            0.012307,           0.0022422,             0.99193,                   1,             0.99495,             0.63366,            0.025142,           0.0050177,           0.0006825,             0.00802,             0.00802,             0.00802
                  62,            0.033814,            0.011252,           0.0013231,             0.99206,               0.995,             0.99053,             0.57318,            0.025376,           0.0050294,          0.00069208,            0.007987,            0.007987,            0.007987
                  63,             0.03435,            0.011197,           0.0011444,             0.99356,             0.99995,             0.99497,             0.64699,            0.022985,           0.0048932,           0.0007473,            0.007954,            0.007954,            0.007954
                  64,            0.032191,           0.0095011,            0.001342,              0.9949,             0.99127,             0.99481,             0.58088,            0.026547,           0.0050743,          0.00069499,            0.007921,            0.007921,            0.007921
                  65,              0.0339,           0.0098024,           0.0014283,             0.99657,                   1,               0.995,              0.6414,            0.023345,           0.0048692,          0.00067644,            0.007888,            0.007888,            0.007888
                  66,            0.033439,           0.0099955,           0.0011047,             0.98606,               0.995,             0.99167,             0.60382,            0.025967,           0.0050454,          0.00071721,            0.007855,            0.007855,            0.007855
                  67,            0.033199,            0.010145,           0.0017762,             0.99068,             0.98963,             0.99467,             0.63741,            0.022478,           0.0050677,          0.00078163,            0.007822,            0.007822,            0.007822
                  68,            0.030982,            0.011434,            0.002231,             0.98466,             0.98597,             0.99108,             0.59021,            0.025195,           0.0047906,           0.0019213,            0.007789,            0.007789,            0.007789
                  69,            0.032248,            0.010243,           0.0019371,             0.98779,             0.99164,             0.99276,              0.5924,            0.024433,           0.0048053,            0.001572,            0.007756,            0.007756,            0.007756
                  70,            0.031548,            0.010518,           0.0014445,             0.99246,             0.99546,             0.99307,             0.62207,            0.024106,           0.0046803,           0.0013536,            0.007723,            0.007723,            0.007723
                  71,            0.032451,            0.011114,           0.0014875,             0.99735,             0.99902,               0.995,             0.63034,            0.023021,           0.0046759,           0.0007349,             0.00769,             0.00769,             0.00769
                  72,            0.030955,           0.0099092,              0.0019,             0.99852,                   1,               0.995,             0.65003,            0.022796,            0.004578,          0.00061406,            0.007657,            0.007657,            0.007657
                  73,            0.030589,            0.010938,           0.0014116,             0.99844,             0.99548,               0.995,             0.62372,            0.026652,           0.0049065,          0.00063974,            0.007624,            0.007624,            0.007624
                  74,            0.030471,            0.010642,           0.0019947,             0.99301,               0.995,             0.99347,             0.63234,            0.026092,           0.0049561,          0.00059161,            0.007591,            0.007591,            0.007591
                  75,            0.031286,           0.0091665,           0.0012203,             0.99732,                   1,               0.995,             0.68912,            0.022506,           0.0045773,          0.00069231,            0.007558,            0.007558,            0.007558
                  76,            0.029218,            0.010129,           0.0036298,             0.99798,             0.99568,               0.995,             0.67383,            0.021976,            0.004619,           0.0007542,            0.007525,            0.007525,            0.007525
                  77,            0.028435,           0.0095328,           0.0014879,             0.99776,                   1,               0.995,             0.67902,            0.022318,            0.004718,          0.00056404,            0.007492,            0.007492,            0.007492
                  78,            0.030656,           0.0094863,           0.0013798,             0.98762,             0.99188,             0.99282,             0.69245,            0.024695,           0.0048561,          0.00055503,            0.007459,            0.007459,            0.007459
                  79,            0.030621,            0.011292,           0.0013053,             0.98994,               0.995,              0.9916,             0.67648,            0.022189,           0.0046719,          0.00064672,            0.007426,            0.007426,            0.007426
                  80,            0.029049,           0.0082697,           0.0021449,             0.98199,             0.99415,             0.99054,             0.64017,             0.02322,           0.0047146,          0.00062519,            0.007393,            0.007393,            0.007393
                  81,            0.028991,            0.010668,           0.0018984,             0.99238,             0.99355,             0.99173,             0.68788,            0.020012,           0.0046153,          0.00061177,             0.00736,             0.00736,             0.00736
                  82,            0.029865,           0.0099728,           0.0010814,             0.98464,             0.99454,             0.99059,             0.64146,            0.023866,           0.0047693,          0.00060152,            0.007327,            0.007327,            0.007327
                  83,             0.02913,           0.0099645,           0.0011802,             0.97794,             0.98194,             0.99029,             0.64243,            0.021529,           0.0048484,           0.0010994,            0.007294,            0.007294,            0.007294
                  84,            0.028862,            0.010568,           0.0012604,             0.97892,              0.9899,             0.99194,             0.63233,            0.022092,           0.0046885,          0.00072201,            0.007261,            0.007261,            0.007261
                  85,            0.028493,           0.0087113,           0.0011156,             0.99958,             0.99677,               0.995,             0.69452,            0.019675,           0.0045028,           0.0006125,            0.007228,            0.007228,            0.007228
                  86,            0.029856,           0.0095434,          0.00095814,             0.98892,             0.99687,             0.99497,             0.67631,            0.021012,           0.0046117,          0.00061235,            0.007195,            0.007195,            0.007195
                  87,            0.029524,           0.0096646,           0.0013691,             0.98937,             0.99102,             0.99469,             0.67207,            0.021789,           0.0048277,          0.00056843,            0.007162,            0.007162,            0.007162
                  88,            0.029027,           0.0096669,           0.0012422,             0.99693,              0.9841,             0.99469,             0.66894,             0.02216,           0.0047745,          0.00052381,            0.007129,            0.007129,            0.007129
                  89,              0.0298,            0.009375,           0.0012008,             0.99707,                   1,               0.995,               0.659,            0.020845,           0.0045648,           0.0005311,            0.007096,            0.007096,            0.007096
                  90,            0.029021,           0.0092465,           0.0013961,              0.9952,              0.9976,               0.995,             0.65627,            0.022499,            0.004521,          0.00053537,            0.007063,            0.007063,            0.007063
                  91,            0.028551,            0.010011,           0.0016288,              0.9872,             0.99859,             0.99489,             0.71232,            0.020113,           0.0044449,          0.00089357,             0.00703,             0.00703,             0.00703
                  92,            0.029357,             0.01006,           0.0011525,             0.99618,             0.99566,             0.99491,             0.66188,            0.022243,           0.0044701,          0.00096288,            0.006997,            0.006997,            0.006997
                  93,            0.029535,           0.0096142,           0.0014876,             0.99851,             0.99915,               0.995,             0.71376,            0.019288,           0.0043232,          0.00056092,            0.006964,            0.006964,            0.006964
                  94,            0.028168,           0.0098332,           0.0011217,             0.99361,             0.99188,             0.98859,             0.67599,            0.020997,            0.004307,          0.00053812,            0.006931,            0.006931,            0.006931
                  95,             0.02901,            0.010124,           0.0010794,             0.99879,             0.99621,               0.995,             0.70649,            0.019536,           0.0042089,          0.00056896,            0.006898,            0.006898,            0.006898
                  96,            0.026711,           0.0086096,           0.0011652,             0.99763,                   1,               0.995,             0.72231,              0.0189,           0.0041555,          0.00063112,            0.006865,            0.006865,            0.006865
                  97,            0.028491,           0.0089243,          0.00093886,             0.99266,             0.99687,              0.9946,             0.71668,            0.019007,           0.0042303,          0.00089653,            0.006832,            0.006832,            0.006832
                  98,             0.02574,           0.0096596,           0.0013424,             0.99116,             0.99687,             0.99381,             0.72185,            0.018512,           0.0041701,          0.00098255,            0.006799,            0.006799,            0.006799
                  99,            0.025583,           0.0087544,          0.00096163,              0.9866,             0.98375,             0.99362,             0.68266,            0.021482,           0.0044355,          0.00083809,            0.006766,            0.006766,            0.006766
                 100,            0.028216,           0.0098906,            0.001424,             0.98857,             0.99415,             0.99368,             0.71202,            0.020174,           0.0043246,          0.00083334,            0.006733,            0.006733,            0.006733
                 101,            0.027598,           0.0089388,           0.0016867,             0.99482,             0.99369,             0.99301,             0.73064,            0.019447,           0.0042028,           0.0008586,              0.0067,              0.0067,              0.0067
                 102,            0.026518,            0.009814,           0.0011318,             0.98276,             0.99431,             0.99302,             0.70468,            0.019861,           0.0041297,           0.0011101,            0.006667,            0.006667,            0.006667
                 103,            0.028261,           0.0085968,           0.0011393,             0.99245,             0.99188,              0.9949,             0.72239,            0.019373,           0.0042473,          0.00073645,            0.006634,            0.006634,            0.006634
                 104,            0.026669,           0.0096251,           0.0016607,             0.99544,             0.99898,               0.995,              0.7303,            0.018564,           0.0041898,          0.00061359,            0.006601,            0.006601,            0.006601
                 105,            0.024633,           0.0096829,           0.0011964,             0.99596,                   1,               0.995,             0.75204,            0.017595,           0.0040194,          0.00051216,            0.006568,            0.006568,            0.006568
                 106,            0.026211,           0.0080204,            0.001254,             0.99589,                   1,               0.995,             0.73501,            0.018879,           0.0040095,          0.00047153,            0.006535,            0.006535,            0.006535
                 107,            0.026788,           0.0096308,          0.00078717,             0.99555,             0.99963,               0.995,             0.76526,            0.016493,            0.003884,          0.00048746,            0.006502,            0.006502,            0.006502
                 108,            0.026083,           0.0098073,          0.00095536,             0.99829,                   1,               0.995,             0.75118,            0.017441,           0.0039384,           0.0004729,            0.006469,            0.006469,            0.006469
                 109,            0.027333,           0.0090728,            0.001053,             0.99859,                   1,               0.995,             0.74379,            0.017142,           0.0038854,          0.00044249,            0.006436,            0.006436,            0.006436
                 110,             0.02596,           0.0098762,           0.0010364,             0.99679,                   1,               0.995,             0.75055,            0.017878,           0.0039549,           0.0004621,            0.006403,            0.006403,            0.006403
                 111,            0.025113,           0.0091346,           0.0013205,             0.99831,                   1,               0.995,             0.74956,            0.017177,           0.0039646,          0.00048172,             0.00637,             0.00637,             0.00637
                 112,            0.026752,           0.0095861,          0.00091859,             0.99791,                   1,               0.995,             0.75923,            0.017126,           0.0039111,          0.00046896,            0.006337,            0.006337,            0.006337
                 113,            0.025607,           0.0093207,          0.00096155,             0.99725,                   1,               0.995,             0.77511,            0.016456,           0.0038557,          0.00048918,            0.006304,            0.006304,            0.006304
                 114,            0.025012,           0.0085685,           0.0014231,             0.99831,             0.99687,               0.995,             0.74062,            0.017747,           0.0039976,          0.00048215,            0.006271,            0.006271,            0.006271
                 115,            0.025472,           0.0085125,          0.00096723,             0.99898,                   1,               0.995,             0.77585,             0.01689,           0.0038377,          0.00044543,            0.006238,            0.006238,            0.006238
                 116,            0.025818,           0.0088356,          0.00092957,             0.99907,             0.99947,               0.995,             0.78402,            0.015671,           0.0037172,          0.00044706,            0.006205,            0.006205,            0.006205
                 117,            0.024933,           0.0084431,          0.00072418,             0.99846,                   1,               0.995,             0.78783,            0.016337,           0.0036905,          0.00050018,            0.006172,            0.006172,            0.006172
                 118,            0.025084,           0.0086624,           0.0013456,             0.99853,                   1,               0.995,             0.79966,            0.016195,           0.0036231,          0.00053879,            0.006139,            0.006139,            0.006139
                 119,            0.024836,           0.0091278,           0.0016711,             0.99857,                   1,               0.995,              0.7878,            0.015491,           0.0036038,          0.00052382,            0.006106,            0.006106,            0.006106
                 120,            0.023957,           0.0090622,           0.0013018,             0.99885,                   1,               0.995,              0.7805,            0.017341,           0.0038793,          0.00049961,            0.006073,            0.006073,            0.006073
                 121,            0.024874,           0.0083239,          0.00090068,             0.99899,                   1,               0.995,             0.78957,            0.015645,           0.0036926,          0.00046178,             0.00604,             0.00604,             0.00604
                 122,            0.024805,           0.0081293,          0.00083405,             0.99796,                   1,               0.995,             0.78032,             0.01729,           0.0037354,          0.00043988,            0.006007,            0.006007,            0.006007
                 123,            0.025192,           0.0083788,          0.00084566,             0.99453,             0.99832,               0.995,             0.77867,            0.015534,           0.0037345,           0.0004279,            0.005974,            0.005974,            0.005974
                 124,            0.023738,           0.0091358,          0.00077032,             0.99829,             0.99535,               0.995,             0.75606,             0.01732,            0.003696,          0.00043213,            0.005941,            0.005941,            0.005941
                 125,            0.025071,           0.0080869,           0.0013201,             0.99868,               0.995,             0.99485,             0.80809,            0.015299,           0.0035423,          0.00040123,            0.005908,            0.005908,            0.005908
                 126,            0.023366,           0.0082835,          0.00084274,             0.99832,                   1,               0.995,             0.78558,            0.016014,           0.0035924,          0.00040523,            0.005875,            0.005875,            0.005875
                 127,            0.023531,           0.0088827,          0.00094747,             0.99849,                   1,               0.995,               0.799,            0.014638,           0.0035425,          0.00043319,            0.005842,            0.005842,            0.005842
                 128,            0.024659,           0.0081549,           0.0011595,             0.99863,                   1,               0.995,             0.76217,            0.016344,           0.0036557,          0.00047729,            0.005809,            0.005809,            0.005809
                 129,            0.022515,           0.0079263,           0.0008401,             0.99919,                   1,               0.995,             0.78979,            0.014825,           0.0035607,          0.00048594,            0.005776,            0.005776,            0.005776
                 130,            0.022993,           0.0082989,          0.00070643,             0.99867,                   1,               0.995,             0.77097,            0.016456,           0.0034789,          0.00045798,            0.005743,            0.005743,            0.005743
                 131,            0.022269,            0.008802,          0.00069856,             0.99895,                   1,               0.995,             0.81033,            0.014825,           0.0034656,          0.00042514,             0.00571,             0.00571,             0.00571
                 132,            0.021777,           0.0083888,          0.00064756,             0.99878,             0.99687,               0.995,             0.78126,            0.015522,           0.0034783,          0.00039787,            0.005677,            0.005677,            0.005677
                 133,            0.022804,           0.0088183,          0.00056815,             0.99887,                   1,               0.995,             0.80623,            0.014069,           0.0033005,           0.0003644,            0.005644,            0.005644,            0.005644
                 134,            0.022026,           0.0088758,           0.0022974,             0.99865,                   1,               0.995,             0.80099,            0.014206,            0.003248,          0.00035318,            0.005611,            0.005611,            0.005611
                 135,            0.023181,           0.0085826,          0.00061728,             0.99872,                   1,               0.995,             0.81204,            0.014241,           0.0032557,          0.00038341,            0.005578,            0.005578,            0.005578
                 136,            0.022269,           0.0080512,          0.00061124,             0.99777,                   1,               0.995,             0.79943,            0.014691,           0.0032613,          0.00043657,            0.005545,            0.005545,            0.005545
                 137,            0.021073,           0.0076289,          0.00079645,             0.99898,              0.9997,               0.995,             0.79792,            0.015424,           0.0033407,          0.00044972,            0.005512,            0.005512,            0.005512
                 138,            0.022935,           0.0078889,           0.0011051,             0.99904,             0.99687,               0.995,             0.78438,            0.016152,           0.0035159,          0.00043712,            0.005479,            0.005479,            0.005479
                 139,            0.022425,           0.0082118,          0.00094465,             0.99809,             0.99954,               0.995,             0.79206,              0.0152,           0.0034315,          0.00043648,            0.005446,            0.005446,            0.005446
                 140,            0.022485,           0.0082524,           0.0018347,             0.99916,                   1,               0.995,             0.80322,            0.015605,           0.0033889,          0.00041193,            0.005413,            0.005413,            0.005413
                 141,            0.021664,           0.0072329,          0.00096571,             0.99854,                   1,               0.995,             0.81491,            0.013502,           0.0032792,          0.00039315,             0.00538,             0.00538,             0.00538
                 142,             0.02153,           0.0080989,          0.00057694,             0.99892,                   1,               0.995,               0.817,            0.014279,           0.0033641,          0.00038637,            0.005347,            0.005347,            0.005347
                 143,            0.022875,            0.008157,          0.00065358,             0.99934,             0.99918,               0.995,             0.80922,            0.014764,           0.0035182,          0.00041858,            0.005314,            0.005314,            0.005314
                 144,            0.023671,           0.0078852,           0.0007019,             0.99861,             0.99687,               0.995,             0.76488,             0.01607,           0.0036035,          0.00042229,            0.005281,            0.005281,            0.005281
                 145,            0.022016,           0.0074227,          0.00063462,              0.9994,             0.99945,               0.995,             0.81076,            0.015349,           0.0035352,          0.00041945,            0.005248,            0.005248,            0.005248
                 146,            0.020947,           0.0084937,          0.00069936,             0.99915,                   1,               0.995,             0.83134,             0.01483,            0.003398,          0.00040517,            0.005215,            0.005215,            0.005215
                 147,            0.020489,           0.0074887,          0.00055075,              0.9987,                   1,               0.995,             0.83462,            0.013408,           0.0032331,          0.00038476,            0.005182,            0.005182,            0.005182
                 148,            0.022095,           0.0075955,          0.00059303,             0.99947,             0.99619,               0.995,             0.81338,            0.014979,           0.0034575,          0.00039703,            0.005149,            0.005149,            0.005149
                 149,            0.022911,           0.0076629,          0.00089753,             0.99838,                   1,               0.995,             0.84828,            0.013057,           0.0031229,          0.00042783,            0.005116,            0.005116,            0.005116
                 150,            0.020584,           0.0075984,          0.00072689,             0.99815,                   1,               0.995,             0.83202,             0.01349,           0.0031587,          0.00043447,            0.005083,            0.005083,            0.005083
                 151,            0.020758,           0.0074053,          0.00075742,             0.99821,                   1,               0.995,             0.82929,            0.014037,             0.00323,          0.00043652,             0.00505,             0.00505,             0.00505
                 152,            0.022377,           0.0088591,          0.00077293,             0.99856,                   1,               0.995,             0.79562,            0.015555,           0.0032205,          0.00044132,            0.005017,            0.005017,            0.005017
                 153,            0.020794,           0.0076883,          0.00062544,             0.99862,                   1,               0.995,             0.83547,            0.013271,           0.0031857,          0.00043169,            0.004984,            0.004984,            0.004984
                 154,            0.020671,           0.0072387,          0.00066102,             0.99804,                   1,               0.995,             0.83437,             0.01333,            0.003091,          0.00040604,            0.004951,            0.004951,            0.004951
                 155,            0.021602,           0.0077399,           0.0012595,             0.99785,                   1,               0.995,             0.82856,             0.01426,           0.0031513,          0.00039016,            0.004918,            0.004918,            0.004918
                 156,            0.021143,           0.0076414,           0.0007584,               0.998,                   1,               0.995,              0.8295,            0.014469,           0.0032195,           0.0003782,            0.004885,            0.004885,            0.004885
                 157,            0.020728,           0.0074761,          0.00068162,             0.99811,                   1,               0.995,              0.8402,            0.014109,           0.0032816,          0.00037057,            0.004852,            0.004852,            0.004852
                 158,            0.020312,           0.0074636,          0.00065281,             0.99815,                   1,               0.995,             0.81218,            0.014117,           0.0032431,          0.00036495,            0.004819,            0.004819,            0.004819
                 159,            0.020129,           0.0077575,          0.00068469,              0.9984,                   1,               0.995,             0.85181,            0.012908,           0.0030225,          0.00037123,            0.004786,            0.004786,            0.004786
                 160,            0.019567,           0.0079073,          0.00077499,             0.99827,                   1,               0.995,             0.85599,             0.01284,           0.0030776,          0.00037959,            0.004753,            0.004753,            0.004753
                 161,            0.019632,           0.0082266,          0.00077151,             0.99836,                   1,               0.995,             0.85712,            0.011974,           0.0031012,          0.00039207,             0.00472,             0.00472,             0.00472
                 162,              0.0193,            0.007727,          0.00059872,             0.99843,                   1,               0.995,             0.84354,            0.012407,           0.0032354,          0.00037817,            0.004687,            0.004687,            0.004687
                 163,            0.019997,           0.0075529,          0.00064251,             0.99838,                   1,               0.995,             0.84239,            0.013051,           0.0032465,          0.00035218,            0.004654,            0.004654,            0.004654
                 164,              0.0197,           0.0078123,          0.00061699,             0.99832,             0.99687,               0.995,             0.81955,            0.013161,           0.0032019,           0.0003414,            0.004621,            0.004621,            0.004621
                 165,            0.019083,           0.0077443,           0.0007001,              0.9983,                   1,               0.995,             0.86916,             0.01249,           0.0031008,          0.00033579,            0.004588,            0.004588,            0.004588
                 166,            0.019418,           0.0074509,          0.00057469,              0.9986,                   1,               0.995,              0.8438,            0.012892,           0.0032072,          0.00033534,            0.004555,            0.004555,            0.004555
                 167,            0.018686,           0.0071397,          0.00075728,             0.99849,                   1,               0.995,             0.85028,            0.012712,            0.003204,          0.00033076,            0.004522,            0.004522,            0.004522
                 168,            0.020194,           0.0073676,          0.00092535,             0.99907,                   1,               0.995,             0.84879,              0.0126,           0.0030419,          0.00032835,            0.004489,            0.004489,            0.004489
                 169,            0.020186,           0.0080273,          0.00059417,             0.99912,                   1,               0.995,             0.86678,            0.012305,           0.0029976,          0.00033699,            0.004456,            0.004456,            0.004456
                 170,            0.019405,           0.0067278,          0.00047983,             0.99909,                   1,               0.995,             0.86036,            0.012858,           0.0030486,          0.00033986,            0.004423,            0.004423,            0.004423
                 171,            0.018802,           0.0075173,          0.00054732,             0.99925,                   1,               0.995,             0.87029,            0.011952,           0.0030045,          0.00033715,             0.00439,             0.00439,             0.00439
                 172,            0.019564,           0.0071808,           0.0006028,             0.99898,                   1,               0.995,             0.86372,             0.01268,           0.0030415,          0.00033725,            0.004357,            0.004357,            0.004357
                 173,            0.018969,           0.0070076,          0.00075301,             0.99872,                   1,               0.995,             0.86625,            0.011589,            0.003046,          0.00033827,            0.004324,            0.004324,            0.004324
                 174,            0.018945,           0.0073891,          0.00055622,             0.99889,                   1,               0.995,             0.87146,            0.011615,           0.0030267,          0.00033479,            0.004291,            0.004291,            0.004291
                 175,            0.018417,           0.0071658,          0.00049673,             0.99891,                   1,               0.995,             0.86948,            0.011586,           0.0029817,          0.00032816,            0.004258,            0.004258,            0.004258
                 176,            0.019964,           0.0073707,           0.0005217,             0.99867,                   1,               0.995,             0.85373,            0.012336,           0.0029842,          0.00032905,            0.004225,            0.004225,            0.004225
                 177,            0.019054,            0.006644,          0.00053229,             0.99922,                   1,               0.995,             0.85868,            0.011954,           0.0029718,          0.00031767,            0.004192,            0.004192,            0.004192
                 178,            0.018469,           0.0074538,           0.0004396,              0.9989,                   1,               0.995,               0.847,            0.012853,           0.0030174,          0.00031082,            0.004159,            0.004159,            0.004159
                 179,            0.019561,           0.0072872,          0.00064494,               0.999,                   1,               0.995,             0.87421,            0.011801,           0.0028815,          0.00031232,            0.004126,            0.004126,            0.004126
                 180,            0.019889,           0.0082974,          0.00062401,             0.99875,                   1,               0.995,             0.86519,             0.01167,           0.0029212,          0.00031639,            0.004093,            0.004093,            0.004093
                 181,            0.017451,           0.0063613,          0.00060571,             0.99884,                   1,               0.995,             0.87595,            0.011078,           0.0027931,          0.00030839,             0.00406,             0.00406,             0.00406
                 182,            0.017953,           0.0065289,          0.00050297,             0.99889,                   1,               0.995,             0.85783,            0.011817,           0.0027965,          0.00029542,            0.004027,            0.004027,            0.004027
                 183,            0.019426,           0.0064837,          0.00045649,             0.99897,                   1,               0.995,             0.87206,            0.010562,           0.0027589,          0.00028644,            0.003994,            0.003994,            0.003994
                 184,            0.018423,           0.0075716,          0.00070318,             0.99895,                   1,               0.995,             0.87721,            0.011059,           0.0028524,          0.00029316,            0.003961,            0.003961,            0.003961
                 185,            0.017468,           0.0066236,          0.00050858,             0.99886,                   1,               0.995,             0.88645,            0.010652,           0.0028521,          0.00031517,            0.003928,            0.003928,            0.003928
                 186,            0.016387,           0.0072777,           0.0006183,             0.99903,                   1,               0.995,             0.87151,            0.011245,           0.0028133,          0.00032921,            0.003895,            0.003895,            0.003895
                 187,            0.017145,           0.0068347,          0.00063856,             0.99903,                   1,               0.995,             0.87408,            0.011471,           0.0027858,          0.00033432,            0.003862,            0.003862,            0.003862
                 188,            0.018319,           0.0063127,          0.00060095,             0.99883,                   1,               0.995,             0.84841,            0.012344,            0.002879,           0.0003275,            0.003829,            0.003829,            0.003829
                 189,            0.018043,            0.006971,          0.00046329,             0.99881,                   1,               0.995,             0.87366,            0.010685,           0.0026578,          0.00031422,            0.003796,            0.003796,            0.003796
                 190,             0.01712,           0.0068441,          0.00044748,             0.99903,                   1,               0.995,             0.87268,            0.011425,           0.0027382,          0.00030258,            0.003763,            0.003763,            0.003763
                 191,             0.01808,           0.0071593,          0.00074019,             0.99897,                   1,               0.995,             0.87285,             0.01113,           0.0027931,          0.00028516,             0.00373,             0.00373,             0.00373
                 192,            0.017379,           0.0063956,          0.00040987,               0.999,                   1,               0.995,             0.87295,            0.010508,            0.002748,          0.00027523,            0.003697,            0.003697,            0.003697
                 193,            0.017729,           0.0063258,          0.00033997,               0.999,                   1,               0.995,             0.88244,            0.010486,           0.0027405,          0.00027232,            0.003664,            0.003664,            0.003664
                 194,            0.016984,           0.0063095,          0.00041758,             0.99902,                   1,               0.995,             0.87879,             0.01042,           0.0027643,          0.00027667,            0.003631,            0.003631,            0.003631
                 195,            0.016212,           0.0062516,          0.00050018,             0.99913,                   1,               0.995,             0.87816,            0.010141,           0.0027297,          0.00029497,            0.003598,            0.003598,            0.003598
                 196,            0.017034,           0.0066026,          0.00059308,             0.99917,                   1,               0.995,             0.87866,            0.010415,            0.002734,          0.00030172,            0.003565,            0.003565,            0.003565
                 197,            0.017165,            0.006505,          0.00048018,             0.99937,                   1,               0.995,             0.87314,            0.010294,            0.002672,          0.00029749,            0.003532,            0.003532,            0.003532
                 198,            0.016373,           0.0059492,          0.00063377,             0.99921,                   1,               0.995,             0.87106,             0.01084,           0.0026972,          0.00029585,            0.003499,            0.003499,            0.003499
                 199,             0.01698,           0.0065695,          0.00056847,             0.99914,                   1,               0.995,             0.87902,            0.010226,           0.0026652,          0.00029184,            0.003466,            0.003466,            0.003466
                 200,            0.016274,           0.0067381,          0.00069546,             0.99905,                   1,               0.995,             0.88779,           0.0098028,           0.0026303,          0.00029124,            0.003433,            0.003433,            0.003433
                 201,            0.016032,           0.0061425,          0.00051137,             0.99941,                   1,               0.995,             0.88476,            0.010073,           0.0026595,          0.00029539,              0.0034,              0.0034,              0.0034
                 202,             0.01687,           0.0064936,          0.00052014,             0.99901,                   1,               0.995,             0.87651,            0.010638,           0.0028556,          0.00029392,            0.003367,            0.003367,            0.003367
                 203,            0.016908,           0.0077085,          0.00065704,             0.99915,                   1,               0.995,              0.8886,            0.010473,           0.0027277,          0.00028071,            0.003334,            0.003334,            0.003334
                 204,             0.01639,           0.0070225,          0.00038774,             0.99915,                   1,               0.995,             0.88412,            0.010603,           0.0025928,          0.00026858,            0.003301,            0.003301,            0.003301
                 205,            0.016193,           0.0072329,          0.00056321,             0.99884,                   1,               0.995,             0.89529,           0.0098554,           0.0025234,          0.00025817,            0.003268,            0.003268,            0.003268
                 206,            0.016486,           0.0062978,          0.00045151,             0.99876,                   1,               0.995,             0.89452,           0.0099162,           0.0025189,          0.00025234,            0.003235,            0.003235,            0.003235
                 207,             0.01716,           0.0061091,          0.00048487,             0.99854,                   1,               0.995,             0.88938,            0.010094,           0.0025733,          0.00025054,            0.003202,            0.003202,            0.003202
                 208,            0.016542,           0.0061582,           0.0012649,             0.99866,                   1,               0.995,              0.8805,           0.0099815,           0.0025969,          0.00025067,            0.003169,            0.003169,            0.003169
                 209,            0.016175,           0.0066409,          0.00040403,             0.99909,                   1,               0.995,             0.88345,           0.0097911,            0.002577,          0.00025125,            0.003136,            0.003136,            0.003136
                 210,            0.016542,           0.0068046,          0.00053478,             0.99923,                   1,               0.995,             0.88477,            0.010377,           0.0026189,          0.00025674,            0.003103,            0.003103,            0.003103
                 211,            0.015749,           0.0062569,          0.00042801,             0.99906,                   1,               0.995,             0.89909,           0.0098357,           0.0024802,          0.00026109,             0.00307,             0.00307,             0.00307
                 212,             0.01631,           0.0058996,          0.00041487,             0.99917,                   1,               0.995,             0.89261,           0.0098387,           0.0024698,          0.00026049,            0.003037,            0.003037,            0.003037
                 213,            0.015922,           0.0060985,          0.00071099,             0.99907,                   1,               0.995,             0.90369,            0.009097,           0.0024093,          0.00025449,            0.003004,            0.003004,            0.003004
                 214,            0.015942,           0.0063768,          0.00065579,             0.99907,                   1,               0.995,             0.89842,           0.0091672,           0.0024865,          0.00025252,            0.002971,            0.002971,            0.002971
                 215,            0.015574,           0.0062059,          0.00042228,             0.99924,                   1,               0.995,             0.89865,           0.0092703,           0.0025135,          0.00024494,            0.002938,            0.002938,            0.002938
                 216,            0.015716,           0.0061548,          0.00060381,             0.99916,                   1,               0.995,              0.9032,           0.0091193,           0.0024228,          0.00023807,            0.002905,            0.002905,            0.002905
                 217,            0.016369,           0.0065275,           0.0005339,             0.99908,                   1,               0.995,             0.90215,           0.0093772,           0.0024686,          0.00023466,            0.002872,            0.002872,            0.002872
                 218,            0.015094,            0.006558,          0.00067749,             0.99912,                   1,               0.995,             0.90783,            0.009526,           0.0024157,          0.00023165,            0.002839,            0.002839,            0.002839
                 219,            0.014169,           0.0058456,          0.00036159,             0.99891,                   1,               0.995,             0.90646,            0.008929,            0.002405,          0.00023508,            0.002806,            0.002806,            0.002806
                 220,            0.015078,           0.0059528,          0.00039607,             0.99895,                   1,               0.995,              0.9065,           0.0092831,           0.0024488,           0.0002325,            0.002773,            0.002773,            0.002773
                 221,            0.016424,           0.0064905,          0.00041771,             0.99903,                   1,               0.995,             0.90192,            0.010759,           0.0025833,          0.00023575,             0.00274,             0.00274,             0.00274
                 222,            0.015852,           0.0060207,          0.00036935,             0.99898,                   1,               0.995,             0.90835,            0.009757,           0.0025196,           0.0002367,            0.002707,            0.002707,            0.002707
                 223,            0.014296,           0.0060306,          0.00071982,             0.99907,                   1,               0.995,             0.91482,           0.0090595,            0.002475,          0.00023924,            0.002674,            0.002674,            0.002674
                 224,            0.014364,           0.0066999,          0.00045853,             0.99901,                   1,               0.995,             0.91351,           0.0089017,            0.002332,          0.00023997,            0.002641,            0.002641,            0.002641
                 225,            0.015181,           0.0057606,          0.00033205,             0.99911,                   1,               0.995,             0.91391,           0.0083622,           0.0022724,          0.00023947,            0.002608,            0.002608,            0.002608
                 226,             0.01412,           0.0058701,          0.00045446,             0.99909,                   1,               0.995,             0.90557,           0.0083631,           0.0022398,          0.00023301,            0.002575,            0.002575,            0.002575
                 227,             0.01442,           0.0055496,          0.00040441,             0.99901,                   1,               0.995,             0.91473,           0.0083426,           0.0022685,           0.0002247,            0.002542,            0.002542,            0.002542
                 228,            0.013953,           0.0061201,          0.00038564,             0.99901,                   1,               0.995,             0.91373,           0.0088959,           0.0022733,          0.00021755,            0.002509,            0.002509,            0.002509
                 229,            0.015166,            0.005918,          0.00038046,             0.99896,                   1,               0.995,               0.909,           0.0087371,           0.0022529,          0.00021288,            0.002476,            0.002476,            0.002476
                 230,            0.015106,           0.0062845,          0.00027033,             0.99899,                   1,               0.995,             0.91333,           0.0086689,           0.0023028,          0.00020949,            0.002443,            0.002443,            0.002443
                 231,            0.014476,           0.0064921,          0.00044209,             0.99901,                   1,               0.995,             0.90514,           0.0087358,           0.0023243,          0.00021041,             0.00241,             0.00241,             0.00241
                 232,            0.014555,           0.0065799,          0.00029847,             0.99907,                   1,               0.995,             0.90927,           0.0085547,           0.0023292,          0.00020773,            0.002377,            0.002377,            0.002377
                 233,            0.014129,           0.0059309,          0.00036711,             0.99915,                   1,               0.995,             0.91205,           0.0084676,            0.002308,          0.00020241,            0.002344,            0.002344,            0.002344
                 234,            0.014653,            0.005967,          0.00051942,             0.99912,                   1,               0.995,             0.90911,           0.0084731,           0.0022513,          0.00019687,            0.002311,            0.002311,            0.002311
                 235,             0.01376,           0.0058866,          0.00037582,             0.99905,                   1,               0.995,             0.91367,           0.0086417,           0.0023273,          0.00019183,            0.002278,            0.002278,            0.002278
                 236,            0.013636,           0.0056845,          0.00036229,             0.99905,                   1,               0.995,             0.92149,           0.0082791,            0.002226,          0.00019124,            0.002245,            0.002245,            0.002245
                 237,            0.014044,           0.0058842,          0.00047579,             0.99896,                   1,               0.995,             0.91828,           0.0084052,           0.0021738,          0.00019131,            0.002212,            0.002212,            0.002212
                 238,            0.013465,           0.0055123,          0.00028808,             0.99886,                   1,               0.995,             0.91562,           0.0085549,            0.002222,          0.00019051,            0.002179,            0.002179,            0.002179
                 239,            0.013895,           0.0064949,          0.00033253,             0.99883,                   1,               0.995,             0.91316,           0.0085435,           0.0022701,          0.00018952,            0.002146,            0.002146,            0.002146
                 240,            0.013158,           0.0058034,          0.00024377,             0.99884,                   1,               0.995,             0.92438,           0.0082082,           0.0022622,          0.00018678,            0.002113,            0.002113,            0.002113
                 241,            0.013332,            0.005156,          0.00030421,             0.99891,                   1,               0.995,             0.92268,           0.0082317,           0.0022121,          0.00018516,             0.00208,             0.00208,             0.00208
                 242,            0.013162,            0.005438,          0.00024945,             0.99879,                   1,               0.995,              0.9259,           0.0083762,           0.0022225,           0.0001854,            0.002047,            0.002047,            0.002047
                 243,            0.014137,           0.0057293,           0.0002617,             0.99894,                   1,               0.995,             0.93534,           0.0079302,           0.0021479,           0.0001879,            0.002014,            0.002014,            0.002014
                 244,            0.012747,           0.0056974,          0.00027886,             0.99893,                   1,               0.995,             0.94016,           0.0075688,           0.0021075,          0.00018969,            0.001981,            0.001981,            0.001981
                 245,            0.013281,           0.0055288,           0.0003617,             0.99898,                   1,               0.995,             0.92964,            0.007559,             0.00216,          0.00019087,            0.001948,            0.001948,            0.001948
                 246,            0.013015,            0.005015,          0.00023248,              0.9991,                   1,               0.995,             0.94114,            0.007228,           0.0020673,          0.00018928,            0.001915,            0.001915,            0.001915
                 247,            0.013104,           0.0052276,           0.0002435,             0.99922,                   1,               0.995,             0.93994,           0.0072124,           0.0020012,          0.00018679,            0.001882,            0.001882,            0.001882
                 248,            0.012457,           0.0053793,          0.00018872,             0.99919,                   1,               0.995,             0.94043,           0.0070715,           0.0019766,          0.00018589,            0.001849,            0.001849,            0.001849
                 249,            0.013748,           0.0066421,          0.00052919,             0.99936,                   1,               0.995,             0.94203,           0.0072212,           0.0019768,          0.00018292,            0.001816,            0.001816,            0.001816
                 250,            0.013487,           0.0052623,          0.00047892,             0.99928,                   1,               0.995,             0.93351,           0.0073941,            0.001977,          0.00018104,            0.001783,            0.001783,            0.001783
                 251,            0.012248,           0.0052909,          0.00029979,              0.9991,                   1,               0.995,              0.9325,           0.0073183,           0.0019575,          0.00018068,             0.00175,             0.00175,             0.00175
                 252,            0.013081,           0.0056204,           0.0002444,             0.99909,                   1,               0.995,             0.93176,            0.007247,           0.0019466,          0.00018024,            0.001717,            0.001717,            0.001717
                 253,            0.012967,           0.0061657,          0.00033273,             0.99906,                   1,               0.995,             0.93262,           0.0074558,           0.0019787,          0.00017928,            0.001684,            0.001684,            0.001684
                 254,            0.012488,           0.0063904,          0.00028095,             0.99908,                   1,               0.995,             0.93302,           0.0075463,            0.002001,           0.0001779,            0.001651,            0.001651,            0.001651
                 255,            0.012348,           0.0052827,          0.00032451,             0.99906,                   1,               0.995,             0.93258,           0.0080881,           0.0020686,          0.00017392,            0.001618,            0.001618,            0.001618
                 256,            0.013435,           0.0060939,          0.00025398,             0.99907,                   1,               0.995,             0.93127,           0.0076635,           0.0020087,          0.00016929,            0.001585,            0.001585,            0.001585
                 257,            0.012097,             0.00574,          0.00024601,             0.99909,                   1,               0.995,             0.93095,           0.0076835,           0.0020211,          0.00016416,            0.001552,            0.001552,            0.001552
                 258,            0.011985,           0.0051832,          0.00022697,             0.99914,                   1,               0.995,              0.9404,           0.0074964,           0.0019888,          0.00016132,            0.001519,            0.001519,            0.001519
                 259,            0.012365,           0.0050041,          0.00024116,             0.99918,                   1,               0.995,             0.93989,           0.0074936,           0.0020017,           0.0001576,            0.001486,            0.001486,            0.001486
                 260,            0.011411,           0.0050935,          0.00019895,             0.99923,                   1,               0.995,             0.94327,           0.0075004,           0.0020077,          0.00015479,            0.001453,            0.001453,            0.001453
                 261,            0.012899,           0.0050379,          0.00040286,             0.99917,                   1,               0.995,             0.93616,           0.0076312,           0.0020409,          0.00015212,             0.00142,             0.00142,             0.00142
                 262,            0.013023,           0.0055005,          0.00042798,             0.99916,                   1,               0.995,             0.94178,           0.0073565,           0.0020088,           0.0001481,            0.001387,            0.001387,            0.001387
                 263,            0.012167,           0.0052035,           0.0004106,              0.9991,                   1,               0.995,             0.93912,           0.0071848,           0.0020092,          0.00014535,            0.001354,            0.001354,            0.001354
                 264,            0.013103,           0.0059096,          0.00044674,             0.99907,                   1,               0.995,             0.94249,           0.0070319,            0.001989,          0.00014322,            0.001321,            0.001321,            0.001321
                 265,             0.01152,            0.004953,          0.00046986,             0.99907,                   1,               0.995,              0.9393,           0.0075801,           0.0020467,          0.00014177,            0.001288,            0.001288,            0.001288
                 266,            0.011339,           0.0051406,          0.00027446,             0.99924,                   1,               0.995,             0.94395,            0.007029,           0.0019445,          0.00014031,            0.001255,            0.001255,            0.001255
                 267,            0.011548,           0.0049976,          0.00022766,             0.99916,                   1,               0.995,              0.9377,           0.0072862,           0.0019787,          0.00014007,            0.001222,            0.001222,            0.001222
                 268,            0.011679,           0.0046982,          0.00020661,             0.99911,                   1,               0.995,             0.95444,           0.0068821,           0.0019347,          0.00013882,            0.001189,            0.001189,            0.001189
                 269,            0.011232,           0.0055631,          0.00027688,              0.9991,                   1,               0.995,             0.95124,           0.0067222,           0.0018808,           0.0001366,            0.001156,            0.001156,            0.001156
                 270,            0.010785,           0.0052569,          0.00018543,              0.9991,                   1,               0.995,             0.95275,           0.0066477,           0.0018323,          0.00013337,            0.001123,            0.001123,            0.001123
                 271,            0.012217,           0.0066934,          0.00026293,             0.99914,                   1,               0.995,             0.95795,           0.0067452,           0.0018536,           0.0001293,             0.00109,             0.00109,             0.00109
                 272,             0.01174,            0.005719,          0.00021948,             0.99924,                   1,               0.995,             0.95978,           0.0068615,           0.0018564,          0.00012625,            0.001057,            0.001057,            0.001057
                 273,            0.011615,           0.0050237,          0.00033436,             0.99921,                   1,               0.995,             0.95454,           0.0071666,           0.0019001,          0.00012364,            0.001024,            0.001024,            0.001024
                 274,            0.012715,           0.0053117,           0.0010509,             0.99922,                   1,               0.995,             0.96376,           0.0068221,            0.001852,          0.00012228,            0.000991,            0.000991,            0.000991
                 275,            0.011485,           0.0054964,          0.00027096,              0.9992,                   1,               0.995,             0.95663,           0.0068017,           0.0018314,          0.00012042,            0.000958,            0.000958,            0.000958
                 276,            0.012677,            0.005628,          0.00035693,              0.9991,                   1,               0.995,             0.96241,           0.0065625,           0.0017906,          0.00011942,            0.000925,            0.000925,            0.000925
                 277,            0.010947,           0.0045387,          0.00017086,             0.99904,                   1,               0.995,             0.96273,           0.0064546,           0.0017872,           0.0001184,            0.000892,            0.000892,            0.000892
                 278,            0.011589,           0.0051966,          0.00019537,             0.99902,                   1,               0.995,             0.95893,           0.0064985,            0.001793,          0.00011825,            0.000859,            0.000859,            0.000859
                 279,            0.012331,           0.0056362,          0.00035655,             0.99902,                   1,               0.995,             0.95974,           0.0064093,           0.0018164,          0.00011649,            0.000826,            0.000826,            0.000826
                 280,            0.013039,           0.0050781,          0.00048074,             0.99904,                   1,               0.995,             0.96077,           0.0063159,           0.0018225,           0.0001152,            0.000793,            0.000793,            0.000793
                 281,            0.011268,           0.0050533,          0.00025491,             0.99899,                   1,               0.995,             0.95684,           0.0063665,           0.0018149,          0.00011202,             0.00076,             0.00076,             0.00076
                 282,            0.010777,            0.005328,          0.00019724,             0.99904,                   1,               0.995,             0.96355,           0.0062101,           0.0017859,           0.0001107,            0.000727,            0.000727,            0.000727
                 283,            0.010802,           0.0049519,          0.00013452,             0.99907,                   1,               0.995,             0.96144,           0.0062647,           0.0017761,          0.00010893,            0.000694,            0.000694,            0.000694
                 284,            0.011947,           0.0059259,          0.00024851,             0.99908,                   1,               0.995,             0.96826,           0.0063772,           0.0017882,          0.00010711,            0.000661,            0.000661,            0.000661
                 285,              0.0111,           0.0052046,          0.00018252,              0.9991,                   1,               0.995,              0.9633,           0.0063398,           0.0017976,          0.00010531,            0.000628,            0.000628,            0.000628
                 286,            0.010882,           0.0049876,          0.00019754,             0.99911,                   1,               0.995,              0.9697,            0.006097,           0.0017624,          0.00010323,            0.000595,            0.000595,            0.000595
                 287,            0.010876,           0.0053113,          0.00024203,              0.9991,                   1,               0.995,             0.96914,           0.0060025,           0.0017671,          0.00010234,            0.000562,            0.000562,            0.000562
                 288,            0.010968,           0.0056632,          0.00033268,              0.9991,                   1,               0.995,              0.9692,           0.0059514,            0.001765,          0.00010084,            0.000529,            0.000529,            0.000529
                 289,             0.01068,            0.004795,          0.00017007,             0.99912,                   1,               0.995,             0.97344,           0.0059445,           0.0017563,          9.8486e-05,            0.000496,            0.000496,            0.000496
                 290,            0.010696,           0.0051243,          0.00025876,             0.99913,                   1,               0.995,             0.97293,            0.006009,           0.0017663,          9.7685e-05,            0.000463,            0.000463,            0.000463
                 291,            0.010923,           0.0045997,          0.00027482,             0.99911,                   1,               0.995,             0.96843,           0.0060701,           0.0017885,          9.6284e-05,             0.00043,             0.00043,             0.00043
                 292,           0.0098274,           0.0048705,          0.00014154,              0.9991,                   1,               0.995,             0.96942,           0.0059385,           0.0017675,          9.5029e-05,            0.000397,            0.000397,            0.000397
                 293,            0.011239,           0.0051142,           0.0002401,              0.9991,                   1,               0.995,             0.97348,           0.0058234,           0.0017429,          9.4046e-05,            0.000364,            0.000364,            0.000364
                 294,            0.010423,           0.0046796,           0.0003164,              0.9991,                   1,               0.995,             0.97139,            0.005702,            0.001731,          9.2921e-05,            0.000331,            0.000331,            0.000331
                 295,             0.01207,           0.0058014,          0.00015713,             0.99911,                   1,               0.995,             0.97073,           0.0057657,           0.0017339,          9.2137e-05,            0.000298,            0.000298,            0.000298
                 296,            0.010358,            0.005303,          0.00018826,              0.9991,                   1,               0.995,              0.9731,           0.0057029,           0.0017295,          9.1398e-05,            0.000265,            0.000265,            0.000265
                 297,            0.010647,           0.0051269,          0.00018265,             0.99911,                   1,               0.995,             0.97535,           0.0056884,           0.0017277,          9.0626e-05,            0.000232,            0.000232,            0.000232
                 298,            0.010223,           0.0047637,          0.00024919,             0.99911,                   1,               0.995,             0.97598,           0.0056504,           0.0017205,          9.0143e-05,            0.000199,            0.000199,            0.000199
                 299,            0.011092,           0.0054777,          0.00028809,             0.99912,                   1,               0.995,             0.97729,            0.005601,           0.0017114,          8.9261e-05,            0.000166,            0.000166,            0.000166
